{
    "Object0" : 
    {
        "Mesh" : 
        {
            "Name" : "DoodrDashEnv",
            "Transform" : 
            {
                "Pos" : [ 0.0, -200.0, 0.0 ],
                "Rot" : [ 0.0, 0.0, 0.0 ],
                "Size" : [ 1.0, 1.0, 1.0 ]
            }
        }
    },
    "Object1" : 
    {
        "Mesh" : 
        {
            "Name" : "DoorDashCollisionMesh",
            "Transform" : 
            {
                "Pos" : [ 0.0, -200.0, 0.0 ],
                "Rot" : [ 0.0, 0.0, 0.0 ],
                "Size" : [ 1.0, 1.0, 1.0 ]
            }
        }
    },
    "Object2" : 
    {
        "Mesh" : 
        {
            "Name" : "DoorBlock",
            "Transform" : 
            {
                "Pos" : [ -43.771572113037109, -78.300270080566406, -276.91244506835938 ],
                "Rot" : [ 0.0, 0.0, 0.0 ],
                "Size" : [ 1.0, 1.5, 0.89999997615814209 ]
            }
        }
    }
}