{
    "Object0" : 
    {
        "Mesh" : 
        {
            "Name" : "Col_StartPos",
            "Transform" : 
            {
                "Pos" : [ -50.340709686279297, -73.305374145507812, -363.658935546875 ],
                "Rot" : [ 0.0, 0.0, 0.0 ],
                "Size" : [ 10.0, 10.0, 10.0 ]
            }
        }
    },
    "Object1" : 
    {
        "Mesh" : 
        {
            "Name" : "Col_CheckPoint",
            "Transform" : 
            {
                "Pos" : [ 0.0, -84.600799560546875, 120.82736206054688 ],
                "Rot" : [ 0.0, 0.0, 0.0 ],
                "Size" : [ 100.0, 10.0, 10.0 ]
            }
        }
    },
    "Object2" : 
    {
        "Mesh" : 
        {
            "Name" : "Col_Trigger",
            "Transform" : 
            {
                "Pos" : [ 2.0116658210754395, -109.09187316894531, 205.70892333984375 ],
                "Rot" : [ 15.600000381469727, 0.0, 0.0 ],
                "Size" : [ 80.0, 10.0, 130.0 ]
            }
        }
    },
    "Object3" : 
    {
        "Mesh" : 
        {
            "Name" : "Col_Goal",
            "Transform" : 
            {
                "Pos" : [ 2.0116658210754395, -111.61280059814453, 329.32608032226562 ],
                "Rot" : [ 0.0, 0.0, 0.0 ],
                "Size" : [ 80.0, 5.0, 5.0 ]
            }
        }
    }
}