{
    "Object0" : 
    {
        "Mesh" : 
        {
            "Name" : "DoorBlock",
            "Transform" : 
            {
                "Pos" : [ -43.771572113037109, -89.300270080566406, -276.91244506835938 ],
                "Rot" : [ 0.0, 0.0, 0.0 ],
                "Size" : [ 1.0, 1.5, 0.89999997615814209 ]
            }
        }
    },
    "Object1" : 
    {
        "Mesh" : 
        {
            "Name" : "DoorBlock",
            "Transform" : 
            {
                "Pos" : [ -0.0069584250450134277, -89.300003051757812, -276.9119873046875 ],
                "Rot" : [ 0.0, 0.0, 0.0 ],
                "Size" : [ 1.0, 1.5, 0.89999997615814209 ]
            }
        }
    },
    "Object10" : 
    {
        "Mesh" : 
        {
            "Name" : "DoorBlock",
            "Transform" : 
            {
                "Pos" : [ 48.929042816162109, -89.300003051757812, -109.39099884033203 ],
                "Rot" : [ 0.0, 0.0, 0.0 ],
                "Size" : [ 0.72000002861022949, 1.5, 0.89999997615814209 ]
            }
        }
    },
    "Object11" : 
    {
        "Mesh" : 
        {
            "Name" : "DoorBlock",
            "Transform" : 
            {
                "Pos" : [ -71.943107604980469, -89.600006103515625, -17.488775253295898 ],
                "Rot" : [ 0.0, 0.0, 0.0 ],
                "Size" : [ 0.41999998688697815, 1.5, 0.89999997615814209 ]
            }
        }
    },
    "Object12" : 
    {
        "Mesh" : 
        {
            "Name" : "DoorBlock",
            "Transform" : 
            {
                "Pos" : [ -55.108913421630859, -89.600006103515625, -17.48900032043457 ],
                "Rot" : [ 0.0, 0.0, 0.0 ],
                "Size" : [ 0.41999998688697815, 1.5, 0.89999997615814209 ]
            }
        }
    },
    "Object13" : 
    {
        "Mesh" : 
        {
            "Name" : "DoorBlock",
            "Transform" : 
            {
                "Pos" : [ -39.193614959716797, -89.600006103515625, -17.48900032043457 ],
                "Rot" : [ 0.0, 0.0, 0.0 ],
                "Size" : [ 0.41999998688697815, 1.5, 0.89999997615814209 ]
            }
        }
    },
    "Object14" : 
    {
        "Mesh" : 
        {
            "Name" : "DoorBlock",
            "Transform" : 
            {
                "Pos" : [ -22.223508834838867, -89.600006103515625, -17.48900032043457 ],
                "Rot" : [ 0.0, 0.0, 0.0 ],
                "Size" : [ 0.41999998688697815, 1.5, 0.89999997615814209 ]
            }
        }
    },
    "Object15" : 
    {
        "Mesh" : 
        {
            "Name" : "DoorBlock",
            "Transform" : 
            {
                "Pos" : [ 21.541465759277344, -89.600006103515625, -17.48900032043457 ],
                "Rot" : [ 0.0, 0.0, 0.0 ],
                "Size" : [ 0.41999998688697815, 1.5, 0.89999997615814209 ]
            }
        }
    },
    "Object16" : 
    {
        "Mesh" : 
        {
            "Name" : "DoorBlock",
            "Transform" : 
            {
                "Pos" : [ 38.808845520019531, -89.600006103515625, -17.48900032043457 ],
                "Rot" : [ 0.0, 0.0, 0.0 ],
                "Size" : [ 0.41999998688697815, 1.5, 0.89999997615814209 ]
            }
        }
    },
    "Object17" : 
    {
        "Mesh" : 
        {
            "Name" : "DoorBlock",
            "Transform" : 
            {
                "Pos" : [ 54.588108062744141, -89.600006103515625, -17.48900032043457 ],
                "Rot" : [ 0.0, 0.0, 0.0 ],
                "Size" : [ 0.41999998688697815, 1.5, 0.89999997615814209 ]
            }
        }
    },
    "Object18" : 
    {
        "Mesh" : 
        {
            "Name" : "DoorBlock",
            "Transform" : 
            {
                "Pos" : [ 71.260444641113281, -89.600006103515625, -17.48900032043457 ],
                "Rot" : [ 0.0, 0.0, 0.0 ],
                "Size" : [ 0.41999998688697815, 1.5, 0.89999997615814209 ]
            }
        }
    },
    "Object19" : 
    {
        "Mesh" : 
        {
            "Name" : "DoorBlock",
            "Transform" : 
            {
                "Pos" : [ -28.70355224609375, -95.067237854003906, 103.81007385253906 ],
                "Rot" : [ 0.0, 0.0, 0.0 ],
                "Size" : [ 0.37000000476837158, 0.89999997615814209, 0.89999997615814209 ]
            }
        }
    },
    "Object2" : 
    {
        "Mesh" : 
        {
            "Name" : "DoorBlock",
            "Transform" : 
            {
                "Pos" : [ 43.5804443359375, -89.300003051757812, -276.9119873046875 ],
                "Rot" : [ 0.0, 0.0, 0.0 ],
                "Size" : [ 1.0, 1.5, 0.89999997615814209 ]
            }
        }
    },
    "Object20" : 
    {
        "Mesh" : 
        {
            "Name" : "DoorBlock",
            "Transform" : 
            {
                "Pos" : [ -14.617542266845703, -95.0, 103.80999755859375 ],
                "Rot" : [ 0.0, 0.0, 0.0 ],
                "Size" : [ 0.37000000476837158, 0.89999997615814209, 0.89999997615814209 ]
            }
        }
    },
    "Object21" : 
    {
        "Mesh" : 
        {
            "Name" : "DoorBlock",
            "Transform" : 
            {
                "Pos" : [ 0.012003913521766663, -95.0, 103.80999755859375 ],
                "Rot" : [ 0.0, 0.0, 0.0 ],
                "Size" : [ 0.37000000476837158, 0.89999997615814209, 0.89999997615814209 ]
            }
        }
    },
    "Object22" : 
    {
        "Mesh" : 
        {
            "Name" : "DoorBlock",
            "Transform" : 
            {
                "Pos" : [ 14.23622989654541, -95.0, 103.80999755859375 ],
                "Rot" : [ 0.0, 0.0, 0.0 ],
                "Size" : [ 0.37000000476837158, 0.89999997615814209, 0.89999997615814209 ]
            }
        }
    },
    "Object23" : 
    {
        "Mesh" : 
        {
            "Name" : "DoorBlock",
            "Transform" : 
            {
                "Pos" : [ 28.361190795898438, -95.0, 103.80999755859375 ],
                "Rot" : [ 0.0, 0.0, 0.0 ],
                "Size" : [ 0.37000000476837158, 0.89999997615814209, 0.89999997615814209 ]
            }
        }
    },
    "Object24" : 
    {
        "Mesh" : 
        {
            "Name" : "DoorBlock",
            "Transform" : 
            {
                "Pos" : [ -23.582633972167969, -129.31100463867188, 288.65286254882812 ],
                "Rot" : [ 0.0, 0.0, 0.0 ],
                "Size" : [ 0.64999997615814209, 0.80000001192092896, 0.89999997615814209 ]
            }
        }
    },
    "Object25" : 
    {
        "Mesh" : 
        {
            "Name" : "DoorBlock",
            "Transform" : 
            {
                "Pos" : [ -0.44027179479598999, -129.31100463867188, 288.65301513671875 ],
                "Rot" : [ 0.0, 0.0, 0.0 ],
                "Size" : [ 0.64999997615814209, 0.80000001192092896, 0.89999997615814209 ]
            }
        }
    },
    "Object26" : 
    {
        "Mesh" : 
        {
            "Name" : "DoorBlock",
            "Transform" : 
            {
                "Pos" : [ 23.646663665771484, -129.31100463867188, 288.65301513671875 ],
                "Rot" : [ 0.0, 0.0, 0.0 ],
                "Size" : [ 0.64999997615814209, 0.80000001192092896, 0.89999997615814209 ]
            }
        }
    },
    "Object27" : 
    {
        "Mesh" : 
        {
            "Name" : "Col_StartPos",
            "Transform" : 
            {
                "Pos" : [ -50.340709686279297, -73.305374145507812, -363.658935546875 ],
                "Rot" : [ 0.0, 0.0, 0.0 ],
                "Size" : [ 10.0, 10.0, 10.0 ]
            }
        }
    },
    "Object28" : 
    {
        "Mesh" : 
        {
            "Name" : "Col_CheckPoint",
            "Transform" : 
            {
                "Pos" : [ 0.0, -84.600799560546875, 120.82736206054688 ],
                "Rot" : [ 0.0, 0.0, 0.0 ],