{
    "Object0" : 
    {
        "Mesh" : 
        {
            "Name" : "DoodrDashEnv",
            "Transform" : 
            {
                "Pos" : [ 0.0, -200.0, 0.0 ],
                "Rot" : [ 0.0, 0.0, 0.0 ],
                "Size" : [ 1.0, 1.0, 1.0 ]
            }
        }
    },
    "Object1" : 
    {
        "Mesh" : 
        {
            "Name" : "DoorDashCollisionMesh",
            "Transform" : 
            {
                "Pos" : [ 0.0, -200.0, 0.0 ],
                "Rot" : [ 0.0, 0.0, 0.0 ],
                "Size" : [ 1.0, 1.0, 1.0 ]
            }
        }
    },
    "Object10" : 
    {
        "Mesh" : 
        {
            "Name" : "DoorBlock",
            "Transform" : 
            {
                "Pos" : [ -16.091886520385742, -78.300003051757812, -109.39099884033203 ],
                "Rot" : [ 0.0, 0.0, 0.0 ],
                "Size" : [ 0.72000002861022949, 1.5, 0.89999997615814209 ]
            }
        }
    },
    "Object11" : 
    {
        "Mesh" : 
        {
            "Name" : "DoorBlock",
            "Transform" : 
            {
                "Pos" : [ 16.4774169921875, -78.300003051757812, -109.39099884033203 ],
                "Rot" : [ 0.0, 0.0, 0.0 ],
                "Size" : [ 0.72000002861022949, 1.5, 0.89999997615814209 ]
            }
        }
    },
    "Object12" : 
    {
        "Mesh" : 
        {
            "Name" : "DoorBlock",
            "Transform" : 
            {
                "Pos" : [ 48.929042816162109, -78.300003051757812, -109.39099884033203 ],
                "Rot" : [ 0.0, 0.0, 0.0 ],
                "Size" : [ 0.72000002861022949, 1.5, 0.89999997615814209 ]
            }
        }
    },
    "Object13" : 
    {
        "Mesh" : 
        {
            "Name" : "DoorBlock",
            "Transform" : 
            {
                "Pos" : [ -71.943107604980469, -78.300003051757812, -16.888774871826172 ],
                "Rot" : [ 0.0, 0.0, 0.0 ],
                "Size" : [ 0.41999998688697815, 1.5, 0.89999997615814209 ]
            }
        }
    },
    "Object14" : 
    {
        "Mesh" : 
        {
            "Name" : "DoorBlock",
            "Transform" : 
            {
                "Pos" : [ -55.108913421630859, -78.300003051757812, -16.888999938964844 ],
                "Rot" : [ 0.0, 0.0, 0.0 ],
                "Size" : [ 0.41999998688697815, 1.5, 0.89999997615814209 ]
            }
        }
    },
    "Object15" : 
    {
        "Mesh" : 
        {
            "Name" : "DoorBlock",
            "Transform" : 
            {
                "Pos" : [ -39.193614959716797, -78.300003051757812, -16.888999938964844 ],
                "Rot" : [ 0.0, 0.0, 0.0 ],
                "Size" : [ 0.41999998688697815, 1.5, 0.89999997615814209 ]
            }
        }
    },
    "Object16" : 
    {
        "Mesh" : 
        {
            "Name" : "DoorBlock",
            "Transform" : 
            {
                "Pos" : [ -22.223508834838867, -78.300003051757812, -16.888999938964844 ],
                "Rot" : [ 0.0, 0.0, 0.0 ],
                "Size" : [ 0.41999998688697815, 1.5, 0.89999997615814209 ]
            }
        }
    },
    "Object17" : 
    {
        "Mesh" : 
        {
            "Name" : "DoorBlock",
            "Transform" : 
            {
                "Pos" : [ 21.541465759277344, -78.300003051757812, -16.888999938964844 ],
                "Rot" : [ 0.0, 0.0, 0.0 ],
                "Size" : [ 0.41999998688697815, 1.5, 0.89999997615814209 ]
            }
        }
    },
    "Object18" : 
    {
        "Mesh" : 
        {
            "Name" : "DoorBlock",
            "Transform" : 
            {
                "Pos" : [ 38.808845520019531, -78.300003051757812, -16.888999938964844 ],
                "Rot" : [ 0.0, 0.0, 0.0 ],
                "Size" : [ 0.41999998688697815, 1.5, 0.89999997615814209 ]
            }
        }
    },
    "Object19" : 
    {
        "Mesh" : 
        {
            "Name" : "DoorBlock",
            "Transform" : 
            {
                "Pos" : [ 54.588108062744141, -78.300003051757812, -16.888999938964844 ],
                "Rot" : [ 0.0, 0.0, 0.0 ],
                "Size" : [ 0.41999998688697815, 1.5, 0.89999997615814209 ]
            }
        }
    },
    "Object2" : 
    {
        "Mesh" : 
        {
            "Name" : "DoorBlock",
            "Transform" : 
            {
                "Pos" : [ -43.771572113037109, -78.300270080566406, -276.91244506835938 ],
                "Rot" : [ 0.0, 0.0, 0.0 ],
                "Size" : [ 1.0, 1.5, 0.89999997615814209 ]
            }
        }
    },
    "Object20" : 
    {
        "Mesh" : 
        {
            "Name" : "DoorBlock",
            "Transform" : 
            {
                "Pos" : [ 71.260444641113281, -78.300003051757812, -16.888999938964844 ],
                "Rot" : [ 0.0, 0.0, 0.0 ],
                "Size" : [ 0.41999998688697815, 1.5, 0.89999997615814209 ]
            }
        }
    },
    "Object3" : 
    {
        "Mesh" : 
        {
            "Name" : "DoorBlock",
            "Transform" : 
            {
                "Pos" : [ -0.0069584250450134277, -78.300003051757812, -276.9119873046875 ],
                "Rot" : [ 0.0, 0.0, 0.0 ],
                "Size" : [ 1.0, 1.5, 0.89999997615814209 ]
            }
        }
    },
    "Object4" : 
    {
        "Mesh" : 
        {
            "Name" : "DoorBlock",
            "Transform" : 
            {
                "Pos" : [ 43.5804443359375, -78.300003051757812, -276.9119873046875 ],
                "Rot" : [ 0.0, 0.0, 0.0 ],
                "Size" : [ 1.0, 1.5, 0.89999997615814209 ]
            }
        }
    },
    "Object5" : 
    {
        "Mesh" : 
        {
            "Name" : "DoorBlock",
            "Transform" : 
            {
                "Pos" : [ -48.915847778320312, -78.300003051757812, -193.09162902832031 ],
                "Rot" : [ 0.0, 0.0, 0.0 ],
                "Size" : [ 0.72000002861022949, 1.5, 0.89999997615814209 ]
            }
        }
    },
    "Object6" : 
    {
        "Mesh" : 
        {
            "Name" : "DoorBlock",
            "Transform" : 
            {
                "Pos" : [ -16.464349746704102, -78.300003051757812, -193.09199523925781 ],
                "Rot" : [ 0.0, 0.0, 0.0 ],
                "Size" : [ 0.72000002861022949, 1.5, 0.89999997615814209 ]
            }
        }
    },
    "Object7" : 
    {
        "Mesh" : 
        {
            "Name" : "DoorBlock",
            "Transform" : 
            {
                "Pos" : [ 15.987256050109863, -78.300003051757812, -193.09199523925781 ],
                "Rot" : [ 0.0, 0.0, 0.0 ],
                "Size" : [ 0.72000002861022949, 1.5, 0.89999997615814209 ]
            }
        }
    },
    "Object8" : 
    {
        "Mesh" : 
        {
            "Name" : "DoorBlock",
            "Transform" : 
            {
                "Pos" : [ 49.034324645996094, -78.300003051757812, -193.09199523925781 ],
                "Rot" : [ 0.0, 0.0, 0.0 ],
                "Size" : [ 0.72000002861022949, 1.5, 0.89999997615814209 ]
            }
        }
    },
    "Object9" : 
    {
        "Mesh" : 
        {
            "Name" : "DoorBlock",
            "Transform" : 
            {
                "Pos" : [ -49.234912872314453, -78.499839782714844, -109.39142608642578 ],
                "Rot" : [ 0.0, 0.0, 0.0 ],
                "Size" : [ 0.69999998807907104, 1.5, 0.89999997615814209 ]
            }
        }
    }
}