{
    "Object0" : 
    {
        "Mesh" : 
        {
            "Name" : "HexAGoneMap",
            "Transform" : 
            {
                "Pos" : [ 0.0, 0.0, 0.0 ],
                "Rot" : [ 0.0, 0.0, 0.0 ],
                "Size" : [ 1.0, 1.0, 1.0 ]
            }
        }
    },
    "Object1" : 
    {
        "Mesh" : 
        {
            "Name" : "JumboTron2",
            "Transform" : 
            {
                "Pos" : [ 4.5498747825622559, 351.09201049804688, 125.68006896972656 ],
                "Rot" : [ 0.0, 0.0, 0.0 ],
                "Size" : [ 1.0, 1.0, 1.0 ]
            }
        }
    },
    "Object2" : 
    {
        "Mesh" : 
        {
            "Name" : "JumboTronProPeller",
            "Transform" : 
            {
                "Pos" : [ -16.816465377807617, 363.68600463867188, 124.47327423095703 ],
                "Rot" : [ 0.0, 0.0, 0.0 ],
                "Size" : [ 1.5, 1.5, 1.5 ]
            }
        }
    },
    "Object3" : 
    {
        "Mesh" : 
        {
            "Name" : "JumboTronProPeller",
            "Transform" : 
            {
                "Pos" : [ 25.292278289794922, 363.68600463867188, 124.47299957275391 ],
                "Rot" : [ 0.0, 0.0, 0.0 ],
                "Size" : [ 1.5, 1.5, 1.5 ]
            }
        }
    },
    "Object4" : 
    {
        "Mesh" : 
        {
            "Name" : "HexProPeller",
            "Transform" : 
            {
                "Pos" : [ -57.690677642822266, 338.02099609375, 99.118827819824219 ],
                "Rot" : [ 0.0, 0.0, 0.0 ],
                "Size" : [ 2.0, 2.0, 2.0 ]
            }
        }
    },
    "Object5" : 
    {
        "Mesh" : 
        {
            "Name" : "HexProPeller",
            "Transform" : 
            {
                "Pos" : [ 58.148780822753906, 338.02093505859375, 99.119003295898438 ],
                "Rot" : [ 0.0, 0.0, 0.0 ],
                "Size" : [ 2.0, 2.0, 2.0 ]
            }
        }
    },
    "Object6" : 
    {
        "Mesh" : 
        {
            "Name" : "HexProPeller",
            "Transform" : 
            {
                "Pos" : [ -114.7862548828125, 338.02099609375, -0.52891397476196289 ],
                "Rot" : [ 0.0, 0.0, 0.0 ],
                "Size" : [ 2.0, 2.0, 2.0 ]
            }
        }
    },
    "Object7" : 
    {
        "Mesh" : 
        {
            "Name" : "HexProPeller",
            "Transform" : 
            {
                "Pos" : [ 115.38988494873047, 338.02099609375, -0.52899998426437378 ],
                "Rot" : [ 0.0, 0.0, 0.0 ],
                "Size" : [ 2.0, 2.0, 2.0 ]
            }
        }
    },
    "Object8" : 
    {
        "Mesh" : 
        {
            "Name" : "HexProPeller",
            "Transform" : 
            {
                "Pos" : [ -56.719528198242188, 338.02099609375, -101.80144500732422 ],
                "Rot" : [ 0.0, 0.0, 0.0 ],
                "Size" : [ 2.0, 2.0, 2.0 ]
            }
        }
    },
    "Object9" : 
    {
        "Mesh" : 
        {
            "Name" : "HexProPeller",
            "Transform" : 
            {
                "Pos" : [ 57.637866973876953, 338.02099609375, -101.80100250244141 ],
                "Rot" : [ 0.0, 0.0, 0.0 ],
                "Size" : [ 2.0, 2.0, 2.0 ]
            }
        }
    }
}