{
    "Object0" : 
    {
        "Mesh" : 
        {
            "Name" : "HexAGoneMap",
            "Transform" : 
            {
                "Pos" : [ 0.0, 0.0, 0.0 ],
                "Rot" : [ 0.0, 0.0, 0.0 ],
                "Size" : [ 1.0, 1.0, 1.0 ]
            }
        }
    },
    "Object1" : 
    {
        "Mesh" : 
        {
            "Name" : "JumboTron2",
            "Transform" : 
            {
                "Pos" : [ 4.5498747825622559, 251.09246826171875, 125.68006896972656 ],
                "Rot" : [ 0.0, 0.0, 0.0 ],
                "Size" : [ 1.0, 1.0, 1.0 ]
            }
        }
    },
    "Object2" : 
    {
        "Mesh" : 
        {
            "Name" : "JumboTronProPeller",
            "Transform" : 
            {
                "Pos" : [ -16.816465377807617, 263.6861572265625, 124.47327423095703 ],
                "Rot" : [ 0.0, 0.0, 0.0 ],
                "Size" : [ 1.0, 1.0, 1.0 ]
            }
        }
    },
    "Object3" : 
    {
        "Mesh" : 
        {
            "Name" : "JumboTronProPeller",
            "Transform" : 
            {
                "Pos" : [ 25.292278289794922, 263.68600463867188, 124.47299957275391 ],
                "Rot" : [ 0.0, 0.0, 0.0 ],
                "Size" : [ 1.0, 1.0, 1.0 ]
            }
        }
    },
    "Object4" : 
    {
        "Mesh" : 
        {
            "Name" : "HexProPeller",
            "Transform" : 
            {
                "Pos" : [ -57.690677642822266, 238.42489624023438, 99.118827819824219 ],
                "Rot" : [ 0.0, 0.0, 0.0 ],
                "Size" : [ 2.0, 2.0, 2.0 ]
            }
        }
    },
    "Object5" : 
    {
        "Mesh" : 
        {
            "Name" : "HexProPeller",
            "Transform" : 
            {
                "Pos" : [ 58.148780822753906, 238.42500305175781, 99.119003295898438 ],
                "Rot" : [ 0.0, 0.0, 0.0 ],
                "Size" : [ 2.0, 2.0, 2.0 ]
            }
        }
    },
    "Object6" : 
    {
        "Mesh" : 
        {
            "Name" : "HexProPeller",
            "Transform" : 
            {
                "Pos" : [ -114.7862548828125, 238.42500305175781, -0.52891397476196289 ],
                "Rot" : [ 0.0, 0.0, 0.0 ],
                "Size" : [ 2.0, 2.0, 2.0 ]
            }
        }
    },
    "Object7" : 
    {
        "Mesh" : 
        {
            "Name" : "HexProPeller",
            "Transform" : 
            {
                "Pos" : [ 115.38988494873047, 238.42500305175781, -0.52899998426437378 ],
                "Rot" : [ 0.0, 0.0, 0.0 ],
                "Size" : [ 2.0, 2.0, 2.0 ]
            }
        }
    },
    "Object8" : 
    {
        "Mesh" : 
        {
            "Name" : "HexProPeller",
            "Transform" : 
            {
                "Pos" : [ 0.0, 0.0, 0.0 ],
                "Rot" : [ 0.0, 0.0, 0.0 ],
                "Size" : [ 1.0, 1.0, 1.0 ]
            }
        }
    }
}