{
    "Object0" : 
    {
        "Mesh" : 
        {
            "Name" : "JumboTron2",
            "Transform" : 
            {
                "Pos" : [ 4.5498747825622559, 351.09201049804688, 125.68006896972656 ],
                "Rot" : [ 0.0, 0.0, 0.0 ],
                "Size" : [ 1.0, 1.0, 1.0 ]
            }
        }
    },
    "Object1" : 
    {
        "Mesh" : 
        {
            "Name" : "JumboTronProPeller",
            "Transform" : 
            {
                "Pos" : [ -16.816465377807617, 363.68600463867188, 124.47327423095703 ],
                "Rot" : [ 0.0, 0.0, 0.0 ],
                "Size" : [ 1.5, 1.5, 1.5 ]
            }
        }
    },
    "Object10" : 
    {
        "Mesh" : 
        {
            "Name" : "JumboTronProPeller",
            "Transform" : 
            {
                "Pos" : [ 134.949462890625, 312.64028930664062, 52.513374328613281 ],
                "Rot" : [ 0.0, 0.0, 0.0 ],
                "Size" : [ 1.5, 1.5, 1.5 ]
            }
        }
    },
    "Object11" : 
    {
        "Mesh" : 
        {
            "Name" : "JumboTronProPeller",
            "Transform" : 
            {
                "Pos" : [ 113.70758056640625, 313.19400024414062, 88.591636657714844 ],
                "Rot" : [ 0.0, 0.0, 0.0 ],
                "Size" : [ 1.5, 1.5, 1.5 ]
            }
        }
    },
    "Object12" : 
    {
        "Mesh" : 
        {
            "Name" : "JumboTron3",
            "Transform" : 
            {
                "Pos" : [ -2.2290134429931641, 223.05586242675781, -132.23597717285156 ],
                "Rot" : [ 0.0, 180.0, 0.0 ],
                "Size" : [ 1.0, 1.0, 1.0 ]
            }
        }
    },
    "Object13" : 
    {
        "Mesh" : 
        {
            "Name" : "JumboTronProPeller",
            "Transform" : 
            {
                "Pos" : [ -23.850517272949219, 235.64999389648438, -131.47225952148438 ],
                "Rot" : [ 0.0, 0.0, 0.0 ],
                "Size" : [ 1.5, 1.5, 1.5 ]
            }
        }
    },
    "Object14" : 
    {
        "Mesh" : 
        {
            "Name" : "JumboTronProPeller",
            "Transform" : 
            {
                "Pos" : [ 18.224163055419922, 235.64999389648438, -131.47200012207031 ],
                "Rot" : [ 0.0, 0.0, 0.0 ],
                "Size" : [ 1.5, 1.5, 1.5 ]
            }
        }
    },
    "Object15" : 
    {
        "Mesh" : 
        {
            "Name" : "JumboTron4",
            "Transform" : 
            {
                "Pos" : [ 4.5500001907348633, 100.0, 125.68000030517578 ],
                "Rot" : [ 0.0, 0.0, 0.0 ],
                "Size" : [ 1.0, 1.0, 1.0 ]
            }
        }
    },
    "Object16" : 
    {
        "Mesh" : 
        {
            "Name" : "JumboTronProPeller",
            "Transform" : 
            {
                "Pos" : [ -16.815999984741211, 112.59400177001953, 124.47299957275391 ],
                "Rot" : [ 0.0, 0.0, 0.0 ],
                "Size" : [ 1.5, 1.5, 1.5 ]
            }
        }
    },
    "Object17" : 
    {
        "Mesh" : 
        {
            "Name" : "JumboTronProPeller",
            "Transform" : 
            {
                "Pos" : [ 25.291999816894531, 112.59400177001953, 124.47299957275391 ],
                "Rot" : [ 0.0, 0.0, 0.0 ],
                "Size" : [ 1.5, 1.5, 1.5 ]
            }
        }
    },
    "Object2" : 
    {
        "Mesh" : 
        {
            "Name" : "JumboTronProPeller",
            "Transform" : 
            {
                "Pos" : [ 25.292278289794922, 363.68600463867188, 124.47299957275391 ],
                "Rot" : [ 0.0, 0.0, 0.0 ],
                "Size" : [ 1.5, 1.5, 1.5 ]
            }
        }
    },
    "Object3" : 
    {
        "Mesh" : 
        {
            "Name" : "HexProPeller",
            "Transform" : 
            {
                "Pos" : [ -57.690677642822266, 338.02099609375, 99.118827819824219 ],
                "Rot" : [ 0.0, 0.0, 0.0 ],
                "Size" : [ 2.0, 2.0, 2.0 ]
            }
        }
    },
    "Object4" : 
    {
        "Mesh" : 
        {
            "Name" : "HexProPeller",
            "Transform" : 
            {
                "Pos" : [ 58.148780822753906, 338.02093505859375, 99.119003295898438 ],
                "Rot" : [ 0.0, 0.0, 0.0 ],
                "Size" : [ 2.0, 2.0, 2.0 ]
            }
        }
    },
    "Object5" : 
    {
        "Mesh" : 
        {
            "Name" : "HexProPeller",
            "Transform" : 
            {
                "Pos" : [ -114.7862548828125, 338.02099609375, -0.52891397476196289 ],
                "Rot" : [ 0.0, 0.0, 0.0 ],
                "Size" : [ 2.0, 2.0, 2.0 ]
            }
        }
    },
    "Object6" : 
    {
        "Mesh" : 
        {
            "Name" : "HexProPeller",
            "Transform" : 
            {
                "Pos" : [ 115.38988494873047, 338.02099609375, -0.52899998426437378 ],
                "Rot" : [ 0.0, 0.0, 0.0 ],
                "Size" : [ 2.0, 2.0, 2.0 ]
            }
        }
    },
    "Object7" : 
    {
        "Mesh" : 
        {
            "Name" : "HexProPeller",
            "Transform" : 
            {
                "Pos" : [ -56.719528198242188, 338.02099609375, -101.80144500732422 ],
                "Rot" : [ 0.0, 0.0, 0.0 ],
                "Size" : [ 2.0, 2.0, 2.0 ]
            }
        }
    },
    "Object8" : 
    {
        "Mesh" : 
        {
            "Name" : "HexProPeller",
            "Transform" : 
            {
                "Pos" : [ 57.637866973876953, 338.02099609375, -101.80100250244141 ],
                "Rot" : [ 0.0, 0.0, 0.0 ],
                "Size" : [ 2.0, 2.0, 2.0 ]
            }
        }
    },
    "Object9" : 
    {
        "Mesh" : 
        {
            "Name" : "JumboTron1",
            "Transform" : 
            {
                "Pos" : [ 125.18862915039062, 300.60043334960938, 71.321113586425781 ],
                "Rot" : [ 0.0, 59.178001403808594, 0.0 ],
                "Size" : [ 1.0, 1.0, 1.0 ]
            }
        }
    }
}