{
    "Object0" : 
    {
        "Mesh" : 
        {
            "Name" : "WoodPlank",
            "Transform" : 
            {
                "Pos" : [ -0.19450333714485168, 60.0, 32.711055755615234 ],
                "Rot" : [ 90.0, 0.0, 0.0 ],
                "Size" : [ 1.0, 1.0, 1.0 ]
            }
        }
    },
    "Object1" : 
    {
        "Mesh" : 
        {
            "Name" : "WoodPlank",
            "Transform" : 
            {
                "Pos" : [ 28.71129035949707, 60.0, -16.147741317749023 ],
                "Rot" : [ 90.0, 120.0, 0.0 ],
                "Size" : [ 1.0, 1.0, 1.0 ]
            }
        }
    },
    "Object10" : 
    {
        "Mesh" : 
        {
            "Name" : "HoopsScythe",
            "Transform" : 
            {
                "Pos" : [ -36.0, 63.0, 112.0 ],
                "Rot" : [ 0.0, 90.0, 0.0 ],
                "Size" : [ 1.0, 1.0, 1.0 ]
            }
        }
    },
    "Object11" : 
    {
        "Mesh" : 
        {
            "Name" : "HoopsScythe",
            "Transform" : 
            {
                "Pos" : [ 36.0, 63.0, 112.0 ],
                "Rot" : [ 0.0, 90.0, 0.0 ],
                "Size" : [ 1.0, 1.0, 1.0 ]
            }
        }
    },
    "Object12" : 
    {
        "Mesh" : 
        {
            "Name" : "HoopsScythe",
            "Transform" : 
            {
                "Pos" : [ -36.0, 63.0, -114.0 ],
                "Rot" : [ 0.0, 90.0, 0.0 ],
                "Size" : [ 1.0, 1.0, 1.0 ]
            }
        }
    },
    "Object13" : 
    {
        "Mesh" : 
        {
            "Name" : "HoopsScythe",
            "Transform" : 
            {
                "Pos" : [ 36.0, 63.0, -114.0 ],
                "Rot" : [ 0.0, 90.0, 0.0 ],
                "Size" : [ 1.0, 1.0, 1.0 ]
            }
        }
    },
    "Object14" : 
    {
        "Mesh" : 
        {
            "Name" : "HoopsScythe",
            "Transform" : 
            {
                "Pos" : [ -114.30640411376953, 63.0, -23.624862670898438 ],
                "Rot" : [ 0.0, -29.589000701904297, 0.0 ],
                "Size" : [ 1.0, 1.0, 1.0 ]
            }
        }
    },
    "Object15" : 
    {
        "Mesh" : 
        {
            "Name" : "HoopsScythe",
            "Transform" : 
            {
                "Pos" : [ -78.87640380859375, 63.0, -87.552284240722656 ],
                "Rot" : [ 0.0, -29.589000701904297, 0.0 ],
                "Size" : [ 1.0, 1.0, 1.0 ]
            }
        }
    },
    "Object16" : 
    {
        "Mesh" : 
        {
            "Name" : "HoopsScythe",
            "Transform" : 
            {
                "Pos" : [ 115.19033813476562, 63.0, -23.855670928955078 ],
                "Rot" : [ 0.0, 29.589000701904297, 0.0 ],
                "Size" : [ 1.0, 1.0, 1.0 ]
            }
        }
    },
    "Object17" : 
    {
        "Mesh" : 
        {
            "Name" : "HoopsScythe",
            "Transform" : 
            {
                "Pos" : [ 78.367164611816406, 63.0, -88.798309326171875 ],
                "Rot" : [ 0.0, 29.589000701904297, 0.0 ],
                "Size" : [ 1.0, 1.0, 1.0 ]
            }
        }
    },
    "Object2" : 
    {
        "Mesh" : 
        {
            "Name" : "WoodPlank",
            "Transform" : 
            {
                "Pos" : [ -28.592153549194336, 60.0, -16.721206665039062 ],
                "Rot" : [ 90.0, -120.0, 0.0 ],
                "Size" : [ 1.0, 1.0, 1.0 ]
            }
        }
    },
    "Object3" : 
    {
        "Mesh" : 
        {
            "Name" : "HoopsScythe",
            "Transform" : 
            {
                "Pos" : [ 0.0, 98.0, 20.58903694152832 ],
                "Rot" : [ 0.0, 0.0, 0.0 ],
                "Size" : [ 1.0, 1.0, 1.0 ]
            }
        }
    },
    "Object4" : 
    {
        "Mesh" : 
        {
            "Name" : "HoopsScythe",
            "Transform" : 
            {
                "Pos" : [ 15.251301765441895, 98.0, -14.594308853149414 ],
                "Rot" : [ 0.0, 120.0, 0.0 ],
                "Size" : [ 1.0, 1.0, 1.0 ]
            }
        }
    },
    "Object5" : 
    {
        "Mesh" : 
        {
            "Name" : "HoopsScythe",
            "Transform" : 
            {
                "Pos" : [ -18.121088027954102, 98.0, -10.436758041381836 ],
                "Rot" : [ 0.0, -120.0, 0.0 ],
                "Size" : [ 1.0, 1.0, 1.0 ]
            }
        }
    },
    "Object6" : 
    {
        "Mesh" : 
        {
            "Name" : "HoopsScythe",
            "Transform" : 
            {
                "Pos" : [ 115.0, 63.0, 23.0 ],
                "Rot" : [ 0.0, -29.589000701904297, 0.0 ],
                "Size" : [ 1.0, 1.0, 1.0 ]
            }
        }
    },
    "Object7" : 
    {
        "Mesh" : 
        {
            "Name" : "HoopsScythe",
            "Transform" : 
            {
                "Pos" : [ 77.008354187011719, 63.0, 87.910972595214844 ],
                "Rot" : [ 0.0, -29.589000701904297, 0.0 ],
                "Size" : [ 1.0, 1.0, 1.0 ]
            }
        }
    },
    "Object8" : 
    {
        "Mesh" : 
        {
            "Name" : "HoopsScythe",
            "Transform" : 
            {
                "Pos" : [ -114.56496429443359, 63.0, 23.093124389648438 ],
                "Rot" : [ 0.0, 29.589000701904297, 0.0 ],
                "Size" : [ 1.0, 1.0, 1.0 ]
            }
        }
    },
    "Object9" : 
    {
        "Mesh" : 
        {
            "Name" : "HoopsScythe",
            "Transform" : 
            {
                "Pos" : [ -76.693756103515625, 63.0, 87.233047485351562 ],
                "Rot" : [ 0.0, 29.589000701904297, 360.0 ],
                "Size" : [ 1.0, 1.0, 1.0 ]
            }
        }
    }
}