{
    "Object0" : 
    {
        "Mesh" : 
        {
            "Name" : "WoodPlank",
            "Transform" : 
            {
                "Pos" : [ -0.19450333714485168, 48.071941375732422, 46.703605651855469 ],
                "Rot" : [ 90.0, 0.0, 0.0 ],
                "Size" : [ 1.0, 1.0, 1.0 ]
            }
        }
    },
    "Object1" : 
    {
        "Mesh" : 
        {
            "Name" : "WoodPlank",
            "Transform" : 
            {
                "Pos" : [ 40.633125305175781, 48.071998596191406, -22.966314315795898 ],
                "Rot" : [ 90.0, 120.0, 0.0 ],
                "Size" : [ 1.0, 1.0, 1.0 ]
            }
        }
    },
    "Object10" : 
    {
        "Mesh" : 
        {
            "Name" : "HoopsScythe",
            "Transform" : 
            {
                "Pos" : [ -36.0, 63.0, 112.0 ],
                "Rot" : [ 0.0, 90.0, 0.0 ],
                "Size" : [ 1.0, 1.0, 1.0 ]
            }
        }
    },
    "Object11" : 
    {
        "Mesh" : 
        {
            "Name" : "HoopsScythe",
            "Transform" : 
            {
                "Pos" : [ 36.0, 63.0, 112.0 ],
                "Rot" : [ 0.0, 90.0, 0.0 ],
                "Size" : [ 1.0, 1.0, 1.0 ]
            }
        }
    },
    "Object12" : 
    {
        "Mesh" : 
        {
            "Name" : "HoopsScythe",
            "Transform" : 
            {
                "Pos" : [ -36.0, 63.0, -114.0 ],
                "Rot" : [ 0.0, 90.0, 0.0 ],
                "Size" : [ 1.0, 1.0, 1.0 ]
            }
        }
    },
    "Object13" : 
    {
        "Mesh" : 
        {
            "Name" : "HoopsScythe",
            "Transform" : 
            {
                "Pos" : [ 36.0, 63.0, -114.0 ],
                "Rot" : [ 0.0, 90.0, 0.0 ],
                "Size" : [ 1.0, 1.0, 1.0 ]
            }
        }
    },
    "Object14" : 
    {
        "Mesh" : 
        {
            "Name" : "HoopsScythe",
            "Transform" : 
            {
                "Pos" : [ -114.30640411376953, 63.0, -23.624862670898438 ],
                "Rot" : [ 0.0, -29.589000701904297, 0.0 ],
                "Size" : [ 1.0, 1.0, 1.0 ]
            }
        }
    },
    "Object15" : 
    {
        "Mesh" : 
        {
            "Name" : "HoopsScythe",
            "Transform" : 
            {
                "Pos" : [ -78.87640380859375, 63.0, -87.552284240722656 ],
                "Rot" : [ 0.0, -29.589000701904297, 0.0 ],
                "Size" : [ 1.0, 1.0, 1.0 ]
            }
        }
    },
    "Object16" : 
    {
        "Mesh" : 
        {
            "Name" : "HoopsScythe",
            "Transform" : 
            {
                "Pos" : [ 115.19033813476562, 63.0, -23.855670928955078 ],
                "Rot" : [ 0.0, 29.589000701904297, 0.0 ],
                "Size" : [ 1.0, 1.0, 1.0 ]
            }
        }
    },
    "Object17" : 
    {
        "Mesh" : 
        {
            "Name" : "HoopsScythe",
            "Transform" : 
            {
                "Pos" : [ 78.367164611816406, 63.0, -88.798309326171875 ],
                "Rot" : [ 0.0, 29.589000701904297, 0.0 ],
                "Size" : [ 1.0, 1.0, 1.0 ]
            }
        }
    },
    "Object18" : 
    {
        "Mesh" : 
        {
            "Name" : "Col_Trigger",
            "Transform" : 
            {
                "Pos" : [ 0.0, 78.108726501464844, 0.0 ],
                "Rot" : [ 0.0, 0.0, 0.0 ],
                "Size" : [ 3.0, 3.0, 3.0 ]
            }
        }
    },
    "Object19" : 
    {
        "Mesh" : 
        {
            "Name" : "Col_Trigger",
            "Transform" : 
            {
                "Pos" : [ -63.794178009033203, 60.006511688232422, -24.596593856811523 ],
                "Rot" : [ 0.0, 0.0, 0.0 ],
                "Size" : [ 1.0, 1.0, 1.0 ]
            }
        }
    },
    "Object2" : 
    {
        "Mesh" : 
        {
            "Name" : "WoodPlank",
            "Transform" : 
            {
                "Pos" : [ -40.615055084228516, 48.071998596191406, -23.312906265258789 ],
                "Rot" : [ 90.0, -120.0, 0.0 ],
                "Size" : [ 1.0, 1.0, 1.0 ]
            }
        }
    },
    "Object20" : 
    {
        "Mesh" : 
        {
            "Name" : "Col_Trigger",
            "Transform" : 
            {
                "Pos" : [ -66.14971923828125, 52.048202514648438, 39.891197204589844 ],
                "Rot" : [ 0.0, 0.0, 0.0 ],
                "Size" : [ 1.0, 1.0, 1.0 ]
            }
        }
    },
    "Object21" : 
    {
        "Mesh" : 
        {
            "Name" : "Col_Trigger",
            "Transform" : 
            {
                "Pos" : [ -108.19450378417969, 53.184772491455078, 46.538642883300781 ],
                "Rot" : [ 0.0, 0.0, 0.0 ],
                "Size" : [ 1.0, 1.0, 1.0 ]
            }
        }
    },
    "Object22" : 
    {
        "Mesh" : 
        {
            "Name" : "Col_Trigger",
            "Transform" : 
            {
                "Pos" : [ 0.0, 44.5, -68.416969299316406 ],
                "Rot" : [ 0.0, 0.0, 0.0 ],
                "Size" : [ 1.0, 1.0, 1.0 ]
            }
        }
    },
    "Object23" : 
    {
        "Mesh" : 
        {
            "Name" : "Col_Trigger",
            "Transform" : 
            {
                "Pos" : [ 64.323814392089844, 53.940258026123047, 38.424259185791016 ],
                "Rot" : [ 0.0, 0.0, 0.0 ],
                "Size" : [ 1.0, 1.0, 1.0 ]
            }
        }
    },
    "Object24" : 
    {
        "Mesh" : 
        {
            "Name" : "Col_Trigger",
            "Transform" : 
            {
                "Pos" : [ 99.196487426757812, 53.0, 50.623062133789062 ],
                "Rot" : [ 0.0, 0.0, 0.0 ],
                "Size" : [ 1.0, 1.0, 1.0 ]
            }
        }
    },
    "Object25" : 
    {
        "Mesh" : 
        {
            "Name" : "Col_Trigger",
            "Transform" : 
            {
                "Pos" : [ 11.941661834716797, 53.0, 107.66996002197266 ],
                "Rot" : [ 0.0, 0.0, 0.0 ],
                "Size" : [ 1.0, 1.0, 1.0 ]
            }
        }
    },
    "Object26" : 
    {
        "Mesh" : 
        {
            "Name" : "Col_Trigger",
            "Transform" : 
            {
                "Pos" : [ -94.799057006835938, 53.0, -63.275367736816406 ],
                "Rot" : [ 0.0, 0.0, 0.0 ],
                "Size" : [ 1.0, 1.0, 1.0 ]
            }
        }
    },
    "Object27" : 
    {
        "Mesh" : 
        {
            "Name" : "Col_Trigger",
            "Transform" : 
            {
                "Pos" : [ 91.66705322265625, 53.0, -49.276809692382812 ],
                "Rot" : [ 0.0, 0.0, 0.0 ],
                "Size" : [ 1.0, 1.0, 1.0 ]
            }
        }
    },
    "Object28" : 
    {
        "Mesh" : 
        {
            "Name" : "Col_Trigger",
            "Transform" : 
            {
                "Pos" : [ 0.0, 53.0, -101.39093017578125 ],
                "Rot" : [ 0.0, 0.0, 0.0 ],
                "Size" : [ 1.0, 1.0, 1.0 ]
            }
        }
    },
    "Object29" : 
    {
        "Mesh" : 
        {
            "Name" : "Col_Trigger",
            "Transform" : 
            {
                "Pos" : [ 74.467887878417969, 60.0, -14.498641967773438 ],
                "Rot" : [ 0.0, 0.0, 0.0 ],
                "Size" : [ 1.0, 1.0, 1.0 ]
            }
        }
    },
    "Object3" : 
    {
        "Mesh" : 
        {
            "Name" : "HoopsScythe",
            "Transform" : 
            {
                "Pos" : [ 0.0, 73.939338684082031, 50.089023590087891 ],
                "Rot" : [ 0.0, 0.0, 0.0 ],
                "Size" : [ 1.0, 1.0, 1.0 ]
            }
        }
    },
    "Object30" : 
    {
        "Mesh" : 
        {
            "Name" : "Col_Trigger",
            "Transform" : 
            {
                "Pos" : [ -22.557672500610352, 60.0, 52.597240447998047 ],
                "Rot" : [ 0.0, 0.0, 0.0 ],