{
    "Object0" : 
    {
        "Mesh" : 
        {
            "Name" : "WoodPlank",
            "Transform" : 
            {
                "Pos" : [ -0.19450333714485168, 60.0, 32.711055755615234 ],
                "Rot" : [ 90.0, 0.0, 0.0 ],
                "Size" : [ 1.0, 1.0, 1.0 ]
            }
        }
    },
    "Object1" : 
    {
        "Mesh" : 
        {
            "Name" : "WoodPlank",
            "Transform" : 
            {
                "Pos" : [ 28.71129035949707, 60.0, -16.147741317749023 ],
                "Rot" : [ 90.0, 120.0, 0.0 ],
                "Size" : [ 1.0, 1.0, 1.0 ]
            }
        }
    },
    "Object10" : 
    {
        "Mesh" : 
        {
            "Name" : "HoopsScythe",
            "Transform" : 
            {
                "Pos" : [ -36.0, 63.0, 112.0 ],
                "Rot" : [ 0.0, 90.0, 0.0 ],
                "Size" : [ 1.0, 1.0, 1.0 ]
            }
        }
    },
    "Object11" : 
    {
        "Mesh" : 
        {
            "Name" : "HoopsScythe",
            "Transform" : 
            {
                "Pos" : [ 36.0, 63.0, 112.0 ],
                "Rot" : [ 0.0, 90.0, 0.0 ],
                "Size" : [ 1.0, 1.0, 1.0 ]
            }
        }
    },
    "Object12" : 
    {
        "Mesh" : 
        {
            "Name" : "HoopsScythe",
            "Transform" : 
            {
                "Pos" : [ -36.0, 63.0, -114.0 ],
                "Rot" : [ 0.0, 90.0, 0.0 ],
                "Size" : [ 1.0, 1.0, 1.0 ]
            }
        }
    },
    "Object13" : 
    {
        "Mesh" : 
        {
            "Name" : "HoopsScythe",
            "Transform" : 
            {
                "Pos" : [ 36.0, 63.0, -114.0 ],
                "Rot" : [ 0.0, 90.0, 0.0 ],
                "Size" : [ 1.0, 1.0, 1.0 ]
            }
        }
    },
    "Object14" : 
    {
        "Mesh" : 
        {
            "Name" : "HoopsScythe",
            "Transform" : 
            {
                "Pos" : [ -114.30640411376953, 63.0, -23.624862670898438 ],
                "Rot" : [ 0.0, -29.589000701904297, 0.0 ],
                "Size" : [ 1.0, 1.0, 1.0 ]
            }
        }
    },
    "Object15" : 
    {
        "Mesh" : 
        {
            "Name" : "HoopsScythe",
            "Transform" : 
            {
                "Pos" : [ -78.87640380859375, 63.0, -87.552284240722656 ],
                "Rot" : [ 0.0, -29.589000701904297, 0.0 ],
                "Size" : [ 1.0, 1.0, 1.0 ]
            }
        }
    },
    "Object16" : 
    {
        "Mesh" : 
        {
            "Name" : "HoopsScythe",
            "Transform" : 
            {
                "Pos" : [ 115.19033813476562, 63.0, -23.855670928955078 ],
                "Rot" : [ 0.0, 29.589000701904297, 0.0 ],
                "Size" : [ 1.0, 1.0, 1.0 ]
            }
        }
    },
    "Object17" : 
    {
        "Mesh" : 
        {
            "Name" : "HoopsScythe",
            "Transform" : 
            {
                "Pos" : [ 78.367164611816406, 63.0, -88.798309326171875 ],
                "Rot" : [ 0.0, 29.589000701904297, 0.0 ],
                "Size" : [ 1.0, 1.0, 1.0 ]
            }
        }
    },
    "Object18" : 
    {
        "Mesh" : 
        {
            "Name" : "HoopsFloor",
            "Transform" : 
            {
                "Pos" : [ 0.0, 0.0, 0.0 ],
                "Rot" : [ 0.0, 0.0, 0.0 ],
                "Size" : [ 1.0, 1.0, 1.0 ]
            }
        }
    },
    "Object19" : 
    {
        "Mesh" : 
        {
            "Name" : "HoopsObjectPlatform",
            "Transform" : 
            {
                "Pos" : [ 0.0, 0.0, 0.0 ],
                "Rot" : [ 0.0, 0.0, 0.0 ],
                "Size" : [ 1.0, 1.0, 1.0 ]
            }
        }
    },
    "Object2" : 
    {
        "Mesh" : 
        {
            "Name" : "WoodPlank",
            "Transform" : 
            {
                "Pos" : [ -28.592153549194336, 60.0, -16.721206665039062 ],
                "Rot" : [ 90.0, -120.0, 0.0 ],
                "Size" : [ 1.0, 1.0, 1.0 ]
            }
        }
    },
    "Object20" : 
    {
        "Mesh" : 
        {
            "Name" : "HoopsObjectWall",
            "Transform" : 
            {
                "Pos" : [ 0.0, 0.0, 0.0 ],
                "Rot" : [ 0.0, 0.0, 0.0 ],
                "Size" : [ 1.0, 1.0, 1.0 ]
            }
        }
    },
    "Object21" : 
    {
        "Mesh" : 
        {
            "Name" : "Col_Trigger",
            "Transform" : 
            {
                "Pos" : [ 0.0, 78.108726501464844, 0.0 ],
                "Rot" : [ 0.0, 0.0, 0.0 ],
                "Size" : [ 3.0, 3.0, 3.0 ]
            }
        }
    },
    "Object22" : 
    {
        "Mesh" : 
        {
            "Name" : "Col_Trigger",
            "Transform" : 
            {
                "Pos" : [ -63.794178009033203, 60.006511688232422, -24.596593856811523 ],
                "Rot" : [ 0.0, 0.0, 0.0 ],
                "Size" : [ 1.0, 1.0, 1.0 ]
            }
        }
    },
    "Object23" : 
    {
        "Mesh" : 
        {
            "Name" : "Col_Trigger",
            "Transform" : 
            {
                "Pos" : [ -55.8367919921875, 42.094509124755859, 20.930620193481445 ],
                "Rot" : [ 0.0, 0.0, 0.0 ],
                "Size" : [ 1.0, 1.0, 1.0 ]
            }
        }
    },
    "Object24" : 
    {
        "Mesh" : 
        {
            "Name" : "Col_Trigger",
            "Transform" : 
            {
                "Pos" : [ -108.19450378417969, 49.354282379150391, 46.538642883300781 ],
                "Rot" : [ 0.0, 0.0, 0.0 ],
                "Size" : [ 1.0, 1.0, 1.0 ]
            }
        }
    },
    "Object3" : 
    {
        "Mesh" : 
        {
            "Name" : "HoopsScythe",
            "Transform" : 
            {
                "Pos" : [ 0.0, 73.939338684082031, 50.089023590087891 ],
                "Rot" : [ 0.0, 0.0, 0.0 ],
                "Size" : [ 1.0, 1.0, 1.0 ]
            }
        }
    },
    "Object4" : 
    {
        "Mesh" : 
        {
            "Name" : "HoopsScythe",
            "Transform" : 
            {
                "Pos" : [ 44.884922027587891, 74.0, -23.595024108886719 ],
                "Rot" : [ 0.0, 120.0, 0.0 ],
                "Size" : [ 1.0, 1.0, 1.0 ]
            }
        }
    },
    "Object5" : 
    {
        "Mesh" : 
        {
            "Name" : "HoopsScythe",
            "Transform" : 
            {
                "Pos" : [ -43.640960693359375, 74.0, -27.492807388305664 ],
                "Rot" : [ 0.0, -120.0, 0.0 ],
                "Size" : [ 1.0, 1.0, 1.0 ]
            }
        }
    },
    "Object6" : 
    {
        "Mesh" : 
        {
            "Name" : "HoopsScythe",
            "Transform" : 
            {
                "Pos" : [ 115.0, 63.0, 23.0 ],
                "Rot" : [ 0.0, -29.589000701904297, 0.0 ],
                "Size" : [ 1.0, 1.0, 1.0 ]
            }
        }
    },
    "Object7" : 
    {
        "Mesh" : 
        {
            "Name" : "HoopsScythe",
            "Transform" : 
            {
                "Pos" : [ 77.008354187011719, 63.0, 87.910972595214844 ],
                "Rot" : [ 0.0, -29.589000701904297, 0.0 ],
                "Size" : [ 1.0, 1.0, 1.0 ]
            }
        }
    },
    "Object8" : 
    {
        "Mesh" : 
        {
            "Name" : "HoopsScythe",
            "Transform" : 
            {
                "Pos" : [ -114.56496429443359, 63.0, 23.093124389648438 ],
                "Rot" : [ 0.0, 29.589000701904297, 0.0 ],
                "Size" : [ 1.0, 1.0, 1.0 ]
            }
        }
    },
    "Object9" : 
    {
        "Mesh" : 
        {
            "Name" : "HoopsScythe",
            "Transform" : 
            {
                "Pos" : [ -76.693756103515625, 63.0, 87.233047485351562 ],
                "Rot" : [ 0.0, 29.589000701904297, 360.0 ],
                "Size" : [ 1.0, 1.0, 1.0 ]
            }
        }
    }
}