{
    "Object0" : 
    {
        "Mesh" : 
        {
            "Name" : "WoodPlank",
            "Transform" : 
            {
                "Pos" : [ -0.19450333714485168, 48.071941375732422, 46.703605651855469 ],
                "Rot" : [ 90.0, 0.0, 0.0 ],
                "Size" : [ 1.0, 1.0, 1.0 ]
            }
        }
    },
    "Object1" : 
    {
        "Mesh" : 
        {
            "Name" : "WoodPlank",
            "Transform" : 
            {
                "Pos" : [ 40.633125305175781, 48.071998596191406, -22.966314315795898 ],
                "Rot" : [ 90.0, 120.0, 0.0 ],
                "Size" : [ 1.0, 1.0, 1.0 ]
            }
        }
    },
    "Object2" : 
    {
        "Mesh" : 
        {
            "Name" : "WoodPlank",
            "Transform" : 
            {
                "Pos" : [ -40.615055084228516, 48.071998596191406, -23.312906265258789 ],
                "Rot" : [ 90.0, -120.0, 0.0 ],
                "Size" : [ 1.0, 1.0, 1.0 ]
            }
        }
    }
}